Tag;Frequency
lightbox;2
svg;3
drag-drop;2
vagrant;4
query-variable;25
filesystem-api;4
plugin-option-tree;6
media-modal;52
masonry;18
admin-css;19
plugin-wp-mobile-detect;1
theme-twenty-thirteen;32
endpoints;18
retina;5
underscore;2
media-model;16
unit-tests;38
pdo;1
add-editor-style;6
smtp;10
textdomain;23
email-verification;6
social-connect;6
oauth;6
mercurial;3
plugin-options;16
plugin-ninja-forms;6
shortlink;14
custom-background;41
paginate-links;56
content-width;6
varnish;12
request-filter;8
wp-reset-postdata;14
restful;17
menu-order;31
theme-twenty-fifteen;9
wp-get-theme;4
allowedtags;6
theme-customizer;187
social-sharing;44
row-actions;8
labels;16
wp-dependencies;10
multi-author;35
plugin-event-organiser;8
apc;9
untagged;38
add-theme-support;29
theme-roots;26
wp-get-attachment-image;116
add-rewrite-rule;190
voting-plugin;8
wp-login-form;136
composer;5
attachment-fields-to-edit;22
responsive;101
comments-template;46
custom-header;66
add-settings-section;7
add-settings-field;26
category-description;11
twitter-bootstrap;104
template-hierarchy;87
github;15
mash-up;3
screen-layout;14
multisite-user-management;27
archive-template;59
radio;10
author-template;76
wp-handle-upload;43
wp-editor;173
groupby;13
paths;69
get-plugin-data;5
sass;3
coding-standards;20
parse;16
mssql;4
wp-list-categories;127
wp-localize-script;52
posts-where;25
session;86
featured-post;68
read-more;88
paginate-comments-links;8
core-modifications;28
pluggable;60
hosting-recommendation;7
plugin-add-this;2
get-post;18
html-editor;62
tax-query;76
count;133
phpmailer;11
statistics;9
dbdelta;18
archives;552
google-plus;15
order;352
meta-value;77
xgettext;5
walker;190
plugin-json-api;51
advanced-taxonomy-queries;107
mu-plugins;17
markdown;15
user-registration;206
plugin-wptouch;10
get-categories;155
plugin-types;14
error-handling;22
color-picker;30
wp-create-user;14
encryption;8
lost-password;25
get-users;74
deleting;52
table;92
poll;7
get-the-id;9
get-the-category;75
premium;11
get-row;5
previews;47
esc-textarea;10
http-api;35
plugin-magic-fields;15
privacy;21
signup;28
register-taxonomy;19
admin-init;6
quicktag;15
plugin-chat;6
add-menu-page;49
fragment;5
plugin-polylang;14
plugin-user-role-editor;4
wp-reset-query;12
mo;13
po;20
localization;184
switch;16
wp-update-post;69
globals;91
function-exists;13
wp-list-pages;151
access;30
plupload;17
sms;5
authorization;7
register;83
google-chrome;8
description;55
wp-list-table;79
wp-signup;13
limit;74
notices;30
windows;18
pre;6
blogger;10
settings-api;198
sub-menu;181
plugin-random-redirect;4
recent-posts;77
wpse-plugin;10
save;55
post-content;52
plugin-mailchimp-sts;2
image-resize;107
json;105
posting;18
caching;71
plugin-wp-supercache;31
get-terms;178
wp-link-pages;38
reporting;5
rel-canonical;1
plugin-cforms;9
multi-taxonomy-query;55
logout;59
screen-options;33
rounded-corners;2
date;272
user-interface;17
plugins-url;25
plugin-mathjax;7
line-breaks;28
wp-insert-post;226
wp-set-object-terms;31
add-options;14
site-url;90
blog-id;13
tooltip;14
theme-p2;8
offsets;30
reset;31
previous;26
copyright;13
eclipse;2
sandbox;3
hyperdb;9
newsletter;23
callbacks;49
threading;12
soap;5
children;88
header-image;38
plugin-gravity-forms;95
theme-headway;2
footer;109
split;16
vimeo;12
nonce;69
categories;2397
plugin-gd-star-rating;19
deactivation;18
browser-compatibility;22
post-formats;140
plugin-stats;6
id;148
ide;7
remote-login;8
buttons;71
l10n;15
characters;41
readme;7
meta-query;375
wp-mail;128
automatic-updates;21
attribute;42
troubleshooting;43
post-status;108
flash;19
500-internal-error;30
advanced-custom-fields;412
podcasting;13
post-editor;99
wp-register-style;30
paged;42
custom-post-type-archives;208
plugin-wp-postratings;10
network-admin;66
svn;48
fatal-error;77
feedwordpress;13
post-duplication;23
wp-settings.php;12
latex;16
embed;129
plugin-wp-pagenavi;37
webmaster;9
errors;503
phpmyadmin;56
theme-twenty-ten;55
wp-error;13
bug;40
plugin-tpc-memory-usage;3
template-include;17
plugin-mailchimp;15
plugin-custom-permalinks;24
wp-get-object-terms;19
htmlspecialchars-decode;8
the-events-calendar;15
custom-content;19
google;38
validation;126
input;42
php.ini;12
plugin-all-in-one-cufon;2
wp-blog-header.php;24
plugin-more-fields;14
get-children;26
navigation-bar;33
google-xml-sitemaps;10
add-submenu-page;41
rewrite-tag;27
account;19
remote;18
patch;2
support;18
get-theme-mod;13
columns;133
plugin-qtranslate;62
username;49
curl;23
ziparchive;9
xml;100
wp-redirect;136
datepicker;26
get-user-count;3
workflow;23
timthumb;32
templates;1014
plugin-contact-form-7;111
recursive;4
exclude;124
prepare-statement;26
get-page;31
wp-cron;152
quick-edit;45
foreach;122
teaser;3
avatar;80
wp-remote-request;11
bulk;65
deactivated-plugin;11
rewrite-rules;433
membership;71
wp-load.php;58
sync;22
plugin-repository;18
language;98
csv;24
deployment;46
escaping;43
audio;67
file-manager;18
merging;12
stackoverflow;11
template-tags;74
contextual-help;20
plugin-syntaxhighlighter;17
innodb;8
integration;49
collapse;7
offline;14
theme-twenty-eleven;106
automation;29
theme-review;7
query-string;49
hacked;41
mailing-list;7
autosave;15
map;14
removal;15
collation;3
blogging;9
dns;18
constants;29
switch-to-blog;21
plugin-simple-fields;10
pre-get-posts;213
open-graph;35
jwplayer;9
oop;84
wp-options;82
cubepoints;5
shared-user-tables;9
encoding;69
private;68
clone-site;17
akismet;15
favicon;25
feedburner;27
pages;1417
admin-ui;10
object;45
styles;82
duplicates;52
custom-roles;81
deprecation;20
plugin-members;13
domain-mapping;105
select;91
slideshow;74
theme-twenty-fourteen;38
jigoshop;15
plugin-events-calendar;10
include;126
taxonomy-meta;5
sanitization;91
breadcrumb;66
plugin-search-engine;11
plugin-all-in-one-seo;15
frontpage;140
widget-text;35
cropping;49
visual-editor;177
media-library;458
apache;122
library;28
jobboard;5
revisions;53
author;493
wp-autop;54
previous-post-link;85
template-redirect;41
genesis-theme-framework;97
link-category;24
type;67
warnings;41
infinite-scroll;35
management;18
framework;44
parent-theme;48
wp-api;6
code;134
sticky-post;111
plugin-jetpack;108
wp-debug;34
nofollow;20
the-excerpt;129
challenge;3
theme-twenty-twelve;57
mvc;14
user-access;180
noindex;18
members;36
theme-options;327
search-engines;25
conditional-tags;304
blog-page;69
third-party-applications;19
semiologic;2
get-template-part;89
registered;9
post-type-support;8
ssh;5
simplepie;16
image-editor;9
icon;35
logo;28
enclosure;3
menus;1730
navigation;492
windows-live-writer;8
captcha;20
register-sidebar;76
join-tables;14
loop;1782
trash;38
markup;26
local-installation;71
post-meta;738
upload-dir;70
e-commerce;107
accessibility;7
ios;10
wp-query;2413
set-post-thumbnail-size;30
plugin-wpml;75
fetch-feed;38
virus;8
filesystem;53
plugin-list-category-post;57
post-thumbnails;841
maximized-width;6
faq;5
iis;64
get-the-term-list;27
transient;78
wp-config;164
urls;698
white-screen-of-death;38
profiles;216
editor;292
feed;229
mod-rewrite;104
domain;127
transfer;25
single;221
guids;16
calendar;56
list-authors;48
notifications;105
amazon;29
formatting;116
post-type;94
crm;6
post-installation;11
google-translate;4
wp-parse-args;12
ads;22
next-post-link;114
xml-rpc;86
adsense;23
comment-meta;32
google-maps;62
core;99
rss;362
admin-bar;135
automate;43
cron;131
captions;66
google-search;35
routing;30
wp-user-query;51
plugin-shopp;9
forms;593
theme-thesis;16
excerpt;292
netbeans;2
http;40
deleted;44
profiling;9
add-cap;12
backbone;26
php;3219
shortcode;1156
timezones;17
static-website;31
books;10
hacks;49
subdomains;176
directory;252
child-theme;428
microsoft;10
plugin-redirection;22
staging;27
configuration;71
multi-language;214
verification;6
hierarchical;158
tags;688
regex;65
subscription;48
email;346
single-sign-on;21
wordpress.org;38
list;153
wp-enqueue-script;454
wp-kses;19
static;70
add-feed;9
popular-posts;23
logging;17
geo-data;30
filters;1277
wp-cli;26
lifetime;2
get-the-title;49
store-locator;5
uninstallation;31
best-practices;133
shared-hosting;27
features;22
upgrade;168
privileges;24
import;266
server-load;50
multisite;1732
nginx;104
bbpress;116
gallery;535
flutter;2
headers;284
front-end;317
repository;23
wp-get-archives;41
page-attributes;27
permalinks;1608
authentication;102
internal-server-error;19
update-option;40
bug-tracking;6
htaccess;516
content-restriction;56
comparison;13
tabs;57
registration;248
installation;240
references;13
add-image-size;139
images;1571
documentation;22
user-register;13
events;102
thickbox;55
taxonomy;943
javascript;795
pagination;1009
server;154
bookmark;14
views;50
url-rewriting;1035
optimization;79
linux;29
mysql;637
plugin-nextgen-gallery;83
pingbacks;31
mac;10
virtual-hosts;19
get-posts;438
redirect;752
media-settings;32
custom-write-panel;10
update-post-meta;119
homepage;295
thumbnails;210
twitter;89
html-email;19
widgets;1235
stylesheet;165
dashboard;304
wp-filesystem;35
pods-framework;22
jquery-ui;98
oembed;75
symlink;1
replace;46
heartbeat-api;9
nextpage;24
syntax-highlighting;36
maintenance;29
title;333
rating;40
migration;240
tumblr;18
plugin-w3-total-cache;148
cdn;58
writing;8
performance;275
development;113
sharing;20
plugin-development;2489
api;199
design;53
proxy;11
https;87
sitemap;27
page-specific-settings;15
blogroll;19
flickr;6
cookies;132
options;281
actions;658
wp-list-comments;46
home-url;42
plugin-recommendation;433
admin;1089
sql;313
services;3
google-analytics;48
extend;27
theory;3
get-the-tags;14
production;20
theme-starkers;2
linking;16
wysiwyg;103
seo;193
ajax;1025
auto-update;71
lists;11
web-services;19
wp-title;36
spam;91
android;13
bloginfo;38
get-bookmarks;10
default;61
mobile;149
cache;241
array;322
pdf;44
plugin-wp-e-commerce;93
sidebar;536
debug;151
jquery;1197
scripts;90
timestamp;54
forum;33
wp-insert-term;24
backup;78
google-docs;5
buddypress;356
git;50
wp-admin;997
pre-sale;5
metabox;1053
localhost;119
page-template;623
scheduled-posts;53
wordpress-version;131
customization;2043
testing;51
bulk-import;48
switch-theme;14
child-pages;149
command-line;20
blog;225
users;881
activation;85
get-option;70
functions;2245
the-tags;10
hooks;832
wpalchemy;32
codex;43
vps;24
paid-plugins;8
release-process;4
listing;19
ssl;118
security;399
gravatar;44
terms;466
export;147
save-post;169
plugin-wp-seo-yoast;73
facebook;250
404-error;432
html;379
setup;33
wp-head;104
wordpress.com;91
tinymce;451
get-comments;66
lockdown;4
comment-form;119
iphone;18
dropdown;173
capabilities;236
content;285
settings;226
query-posts;866
next;23
translation;220
contact;69
wp-enqueue-style;177
publish;149
cleanup;18
review;17
wiki;11
search;876
password;194
post-class;59
draft;54
ftp;73
plugin-posts-to-posts;26
query;956
autocomplete;39
date-time;170
user-meta;361
posts;3064
paypal;41
development-strategy;27
openid;8
wp-remote-post;9
admin-menu;328
videos;113
permissions;212
updates;287
variables;175
screen-columns;12
custom-post-types;5272
css;903
ui;26
custom-field;1975
s2member;17
the-content;266
themes;1413
parameter;50
xampp;28
media;537
image-size;199
theme-development;2081
user-roles;562
attachments;642
text;76
database;1113
conditional-content;173
cloud;15
location-search;12
uploads;993
moderation;38
showcase;8
woocommerce;221
community;12
custom-taxonomy;2306
compression;17
magento;11
comments;1123
scale;16
plugins;5172
outside-wordpress;26
links;454
version-control;43
cms;121
plugin-iframe-reloaded;3
survey;3
memory;88
the-taxonomies;15
sort;305
video-player;40
youtube;85
init;39
wp-register-script;72
robots.txt;25
compatibility;10
wp-remote-get;26
stats;34
disqus;41
login;720
hosting;100
get-post-meta;157
status;32
theme-recommendation;15
wpdb;578
html5;50
ip;25
slug;318
plugin-tinymce;39
licensing;34
